url,label,url_length,domain_length,path_length,is_long_url,has_at_symbol,num_dots,num_hyphens,num_underscores,num_slashes,num_question_marks,num_equal_signs,num_ampersands,num_percent,num_digits_in_url,has_double_slash,num_subdomains,has_many_subdomains,has_ip_address,num_hyphens_in_domain,has_hyphen_domain,has_suspicious_tld,brand_in_domain,brand_obfuscated_match,is_lookalike_domain,brand_similarity_score,domain_has_digit,keyword_count_in_domain,keyword_count_in_path,brand_keyword_in_domain,total_keyword_score,has_suspicious_keyword,is_https,has_port,path_depth,has_exe_extension,has_redirect_param,has_token_param,digit_ratio,special_char_ratio,hyphen_domain_ratio,suspicious_keyword_count
https://www.google.com,0,22,14,0,0,0,2,0,0,2,0,0,0,0,0,0,0,0,0,0,0,0,1,1,0,0.0,0,0,0,1,0,0,1,0,0,0,0,0,0.0,0.0,0.0,0
https://www.youtube.com,0,23,15,0,0,0,2,0,0,2,0,0,0,0,0,0,0,0,0,0,0,0,0,0,0,0.0,0,0,0,0,0,0,1,0,0,0,0,0,0.0,0.0,0.0,0
https://www.facebook.com,0,24,16,0,0,0,2,0,0,2,0,0,0,0,0,0,0,0,0,0,0,0,1,1,0,0.0,0,0,0,1,0,0,1,0,0,0,0,0,0.0,0.0,0.0,0
https://www.amazon.com,0,22,14,0,0,0,2,0,0,2,0,0,0,0,0,0,0,0,0,0,0,0,1,1,0,0.0,0,0,0,1,0,0,1,0,0,0,0,0,0.0,0.0,0.0,0
https://www.wikipedia.org,0,25,17,0,0,0,2,0,0,2,0,0,0,0,0,0,0,0,0,0,0,0,0,0,0,0.0,0,0,0,0,0,0,1,0,0,0,0,0,0.0,0.0,0.0,0
https://www.twitter.com,0,23,15,0,0,0,2,0,0,2,0,0,0,0,0,0,0,0,0,0,0,0,1,1,0,0.0,0,0,0,0,0,0,1,0,0,0,0,0,0.0,0.0,0.0,0
https://www.instagram.com,0,25,17,0,0,0,2,0,0,2,0,0,0,0,0,0,0,0,0,0,0,0,1,1,0,0.0,0,0,0,1,0,0,1,0,0,0,0,0,0.0,0.0,0.0,0
https://www.linkedin.com,0,24,16,0,0,0,2,0,0,2,0,0,0,0,0,0,0,0,0,0,0,0,1,1,0,0.0,0,0,0,0,0,0,1,0,0,0,0,0,0.0,0.0,0.0,0
https://www.microsoft.com,0,25,17,0,0,0,2,0,0,2,0,0,0,0,0,0,0,0,0,0,0,0,1,1,0,0.0,0,0,0,1,0,0,1,0,0,0,0,0,0.0,0.0,0.0,0
https://www.apple.com,0,21,13,0,0,0,2,0,0,2,0,0,0,0,0,0,0,0,0,0,0,0,1,1,0,0.0,0,0,0,1,0,0,1,0,0,0,0,0,0.0,0.0,0.0,0
https://www.netflix.com,0,23,15,0,0,0,2,0,0,2,0,0,0,0,0,0,0,0,0,0,0,0,1,1,0,0.0,0,0,0,1,0,0,1,0,0,0,0,0,0.0,0.0,0.0,0
https://www.github.com,0,22,14,0,0,0,2,0,0,2,0,0,0,0,0,0,0,0,0,0,0,0,0,0,0,0.0,0,0,0,0,0,0,1,0,0,0,0,0,0.0,0.0,0.0,0
https://www.stackoverflow.com,0,29,21,0,0,0,2,0,0,2,0,0,0,0,0,0,0,0,0,0,0,0,0,0,0,0.0,0,0,0,0,0,0,1,0,0,0,0,0,0.0,0.0,0.0,0
https://www.reddit.com,0,22,14,0,0,0,2,0,0,2,0,0,0,0,0,0,0,0,0,0,0,0,0,0,0,0.0,0,0,0,0,0,0,1,0,0,0,0,0,0.0,0.0,0.0,0
https://www.bbc.com/news,0,24,11,5,0,0,2,0,0,3,0,0,0,0,0,0,0,0,0,0,0,0,0,0,0,0.0,0,0,0,0,0,0,1,0,1,0,0,0,0.0,0.0,0.0,0
https://www.cnn.com,0,19,11,0,0,0,2,0,0,2,0,0,0,0,0,0,0,0,0,0,0,0,0,0,0,0.0,0,0,0,0,0,0,1,0,0,0,0,0,0.0,0.0,0.0,0
https://www.nytimes.com,0,23,15,0,0,0,2,0,0,2,0,0,0,0,0,0,0,0,0,0,0,0,0,0,0,0.0,0,0,0,0,0,0,1,0,0,0,0,0,0.0,0.0,0.0,0
https://www.ebay.com,0,20,12,0,0,0,2,0,0,2,0,0,0,0,0,0,0,0,0,0,0,0,1,1,0,0.0,0,0,0,1,0,0,1,0,0,0,0,0,0.0,0.0,0.0,0
https://www.paypal.com,0,22,14,0,0,0,2,0,0,2,0,0,0,0,0,0,0,0,0,0,0,0,1,1,0,0.0,0,0,0,1,0,0,1,0,0,0,0,0,0.0,0.0,0.0,0
https://www.dropbox.com,0,23,15,0,0,0,2,0,0,2,0,0,0,0,0,0,0,0,0,0,0,0,1,1,0,0.0,0,0,0,1,0,0,1,0,0,0,0,0,0.0,0.0,0.0,0
https://www.spotify.com,0,23,15,0,0,0,2,0,0,2,0,0,0,0,0,0,0,0,0,0,0,0,0,0,0,0.0,0,0,0,0,0,0,1,0,0,0,0,0,0.0,0.0,0.0,0
https://www.twitch.tv,0,21,13,0,0,0,2,0,0,2,0,0,0,0,0,0,0,0,0,0,0,0,0,0,0,0.0,0,0,0,0,0,0,1,0,0,0,0,0,0.0,0.0,0.0,0
https://www.airbnb.com,0,22,14,0,0,0,2,0,0,2,0,0,0,0,0,0,0,0,0,0,0,0,0,0,0,0.0,0,0,0,0,0,0,1,0,0,0,0,0,0.0,0.0,0.0,0
https://www.booking.com,0,23,15,0,0,0,2,0,0,2,0,0,0,0,0,0,0,0,0,0,0,0,0,0,0,0.0,0,0,0,0,0,0,1,0,0,0,0,0,0.0,0.0,0.0,0
https://www.tripadvisor.com,0,27,19,0,0,0,2,0,0,2,0,0,0,0,0,0,0,0,0,0,0,0,0,0,0,0.0,0,0,0,0,0,0,1,0,0,0,0,0,0.0,0.0,0.0,0
https://www.imdb.com,0,20,12,0,0,0,2,0,0,2,0,0,0,0,0,0,0,0,0,0,0,0,0,0,0,0.0,0,0,0,0,0,0,1,0,0,0,0,0,0.0,0.0,0.0,0
https://accounts.google.com/signin,0,34,19,7,0,0,2,0,0,3,0,0,0,0,0,0,1,0,0,0,0,0,1,1,0,0.0,0,0,1,1,1,1,1,0,1,0,0,0,0.0,0.0,0.0,1
https://accounts.google.com/v3/signin/identifier,0,48,19,21,0,0,2,0,0,5,0,0,0,0,1,0,1,0,0,0,0,0,1,1,0,0.0,0,0,1,1,1,1,1,0,3,0,0,0,0.020833333333333332,0.0,0.0,1
https://login.microsoftonline.com,0,33,25,0,0,0,2,0,0,2,0,0,0,0,0,0,1,0,0,0,0,0,1,1,0,0.0,0,0,0,1,0,0,1,0,0,0,0,0,0.0,0.0,0.0,0
https://login.microsoftonline.com/common/oauth2/v2.0/authorize,0,62,25,29,0,0,3,0,0,6,0,0,0,0,3,0,1,0,0,0,0,0,1,1,0,0.0,0,0,0,1,0,0,1,0,4,0,0,0,0.04838709677419355,0.0,0.0,0
https://www.facebook.com/login,0,30,16,6,0,0,2,0,0,3,0,0,0,0,0,0,0,0,0,0,0,0,1,1,0,0.0,0,0,1,1,1,1,1,0,1,0,0,0,0.0,0.0,0.0,1
https://www.facebook.com/login/device-based/regular/login,0,57,16,33,0,0,2,1,0,6,0,0,0,0,0,0,0,0,0,0,0,0,1,1,0,0.0,0,0,1,1,1,1,1,0,4,0,0,0,0.0,0.017543859649122806,0.0,1
https://github.com/login,0,24,10,6,0,0,1,0,0,3,0,0,0,0,0,0,0,0,0,0,0,0,0,0,0,0.0,0,0,1,0,1,1,1,0,1,0,0,0,0.0,0.0,0.0,1
https://github.com/login?return_to=%2Fexplore,0,45,10,6,0,0,1,0,1,3,1,1,0,1,1,0,0,0,0,0,0,0,0,0,0,0.0,0,0,1,0,1,1,1,0,1,0,1,0,0.022222222222222223,0.044444444444444446,0.0,1
https://www.linkedin.com/login,0,30,16,6,0,0,2,0,0,3,0,0,0,0,0,0,0,0,0,0,0,0,1,1,0,0.0,0,0,1,0,1,1,1,0,1,0,0,0,0.0,0.0,0.0,1
https://www.linkedin.com/uas/login,0,34,16,10,0,0,2,0,0,4,0,0,0,0,0,0,0,0,0,0,0,0,1,1,0,0.0,0,0,1,0,1,1,1,0,2,0,0,0,0.0,0.0,0.0,1
https://login.yahoo.com,0,23,15,0,0,0,2,0,0,2,0,0,0,0,0,0,1,0,0,0,0,0,0,0,0,0.0,0,0,0,0,0,0,1,0,0,0,0,0,0.0,0.0,0.0,0
https://appleid.apple.com/sign-in,0,33,17,8,0,0,2,1,0,3,0,0,0,0,0,0,1,0,0,0,0,0,1,1,0,0.0,0,0,0,1,0,0,1,0,1,0,0,0,0.0,0.030303030303030304,0.0,0
https://www.instagram.com/accounts/login,0,40,17,15,0,0,2,0,0,4,0,0,0,0,0,0,0,0,0,0,0,0,1,1,0,0.0,0,0,2,1,2,1,1,0,2,0,0,0,0.0,0.0,0.0,2
https://www.twitter.com/i/flow/login,0,36,15,13,0,0,2,0,0,5,0,0,0,0,0,0,0,0,0,0,0,0,1,1,0,0.0,0,0,1,0,1,1,1,0,3,0,0,0,0.0,0.0,0.0,1
https://www.reddit.com/login,0,28,14,6,0,0,2,0,0,3,0,0,0,0,0,0,0,0,0,0,0,0,0,0,0,0.0,0,0,1,0,1,1,1,0,1,0,0,0,0.0,0.0,0.0,1
https://www.twitch.tv/login,0,27,13,6,0,0,2,0,0,3,0,0,0,0,0,0,0,0,0,0,0,0,0,0,0,0.0,0,0,1,0,1,1,1,0,1,0,0,0,0.0,0.0,0.0,1
https://www.dropbox.com/login,0,29,15,6,0,0,2,0,0,3,0,0,0,0,0,0,0,0,0,0,0,0,1,1,0,0.0,0,0,1,1,1,1,1,0,1,0,0,0,0.0,0.0,0.0,1
https://www.spotify.com/eg/login,0,32,15,9,0,0,2,0,0,4,0,0,0,0,0,0,0,0,0,0,0,0,0,0,0,0.0,0,0,1,0,1,1,1,0,2,0,0,0,0.0,0.0,0.0,1
https://www.ebay.com/signin,0,27,12,7,0,0,2,0,0,3,0,0,0,0,0,0,0,0,0,0,0,0,1,1,0,0.0,0,0,1,1,1,1,1,0,1,0,0,0,0.0,0.0,0.0,1
https://signin.ebay.com/ws/eBayISAPI.dll,0,40,15,17,0,0,3,0,0,4,0,0,0,0,0,0,1,0,0,0,0,0,1,1,0,0.0,0,0,0,1,0,0,1,0,2,0,0,0,0.0,0.0,0.0,0
https://www.amazon.com/ap/signin,0,32,14,10,0,0,2,0,0,4,0,0,0,0,0,0,0,0,0,0,0,0,1,1,0,0.0,0,0,1,1,1,1,1,0,2,0,0,0,0.0,0.0,0.0,1
https://secure.netflix.com/login,0,32,18,6,0,0,2,0,0,3,0,0,0,0,0,0,1,0,0,0,0,0,1,1,0,0.0,0,1,1,1,3,1,1,0,1,0,0,0,0.0,0.0,0.0,2
https://www.paypal.com/signin,0,29,14,7,0,0,2,0,0,3,0,0,0,0,0,0,0,0,0,0,0,0,1,1,0,0.0,0,0,1,1,1,1,1,0,1,0,0,0,0.0,0.0,0.0,1
https://www.amazon.com/account/homepage,0,39,14,17,0,0,2,0,0,4,0,0,0,0,0,0,0,0,0,0,0,0,1,1,0,0.0,0,0,1,1,1,1,1,0,2,0,0,0,0.0,0.0,0.0,1
https://account.microsoft.com,0,29,21,0,0,0,2,0,0,2,0,0,0,0,0,0,1,0,0,0,0,0,1,1,0,0.0,0,0,0,1,0,0,1,0,0,0,0,0,0.0,0.0,0.0,0
https://myaccount.google.com,0,28,20,0,0,0,2,0,0,2,0,0,0,0,0,0,1,0,0,0,0,0,1,1,0,0.0,0,0,0,1,0,0,1,0,0,0,0,0,0.0,0.0,0.0,0
https://myaccount.google.com/security,0,37,20,9,0,0,2,0,0,3,0,0,0,0,0,0,1,0,0,0,0,0,1,1,0,0.0,0,0,0,1,0,0,1,0,1,0,0,0,0.0,0.0,0.0,0
https://www.paypal.com/myaccount/summary,0,40,14,18,0,0,2,0,0,4,0,0,0,0,0,0,0,0,0,0,0,0,1,1,0,0.0,0,0,1,1,1,1,1,0,2,0,0,0,0.0,0.0,0.0,1
https://www.netflix.com/youraccount,0,35,15,12,0,0,2,0,0,3,0,0,0,0,0,0,0,0,0,0,0,0,1,1,0,0.0,0,0,1,1,1,1,1,0,1,0,0,0,0.0,0.0,0.0,1
https://www.netflix.com/account/update-primary-email,0,52,15,29,0,0,2,2,0,4,0,0,0,0,0,0,0,0,0,0,0,0,1,1,0,0.0,0,0,2,1,2,1,1,0,2,0,0,0,0.0,0.038461538461538464,0.0,2
https://account.live.com/password/reset,0,39,16,15,0,0,2,0,0,4,0,0,0,0,0,0,1,0,0,0,0,0,0,0,0,0.0,0,0,1,0,1,1,1,0,2,0,0,0,0.0,0.0,0.0,1
https://www.amazon.com/gp/css/account/info,0,42,14,20,0,0,2,0,0,6,0,0,0,0,0,0,0,0,0,0,0,0,1,1,0,0.0,0,0,1,1,1,1,1,0,4,0,0,0,0.0,0.0,0.0,1
https://www.apple.com/account,0,29,13,8,0,0,2,0,0,3,0,0,0,0,0,0,0,0,0,0,0,0,1,1,0,0.0,0,0,1,1,1,1,1,0,1,0,0,0,0.0,0.0,0.0,1
https://support.apple.com/account,0,33,17,8,0,0,2,0,0,3,0,0,0,0,0,0,1,0,0,0,0,0,1,1,0,0.0,0,1,1,1,3,1,1,0,1,0,0,0,0.0,0.0,0.0,2
https://www.linkedin.com/psettings/account,0,42,16,18,0,0,2,0,0,4,0,0,0,0,0,0,0,0,0,0,0,0,1,1,0,0.0,0,0,1,0,1,1,1,0,2,0,0,0,0.0,0.0,0.0,1
https://www.instagram.com/accounts/manage_access,0,48,17,23,0,0,2,0,1,4,0,0,0,0,0,0,0,0,0,0,0,0,1,1,0,0.0,0,0,1,1,1,1,1,0,2,0,0,0,0.0,0.020833333333333332,0.0,1
https://security.google.com/settings/security/secureaccount,0,59,19,32,0,0,2,0,0,5,0,0,0,0,0,0,1,0,0,0,0,0,1,1,0,0.0,0,0,2,1,2,1,1,0,3,0,0,0,0.0,0.0,0.0,2
https://www.facebook.com/settings?tab=account,0,45,16,9,0,0,2,0,0,3,1,1,0,0,0,0,0,0,0,0,0,0,1,1,0,0.0,0,0,1,1,1,1,1,0,1,0,0,0,0.0,0.0,0.0,1
https://www.github.com/settings/billing/update,0,46,14,24,0,0,2,0,0,5,0,0,0,0,0,0,0,0,0,0,0,0,0,0,0,0.0,0,0,2,0,2,1,1,0,3,0,0,0,0.0,0.0,0.0,2
https://www.coca-cola.com,0,25,17,0,0,0,2,1,0,2,0,0,0,0,0,0,0,0,0,1,1,0,0,0,0,0.0,0,0,0,0,0,0,1,0,0,0,0,0,0.0,0.04,0.058823529411764705,0
https://www.t-mobile.com,0,24,16,0,0,0,2,1,0,2,0,0,0,0,0,0,0,0,0,1,1,0,0,0,0,0.0,0,0,0,0,0,0,1,0,0,0,0,0,0.0,0.041666666666666664,0.0625,0
https://www.t-mobile.com/home,0,29,16,5,0,0,2,1,0,3,0,0,0,0,0,0,0,0,0,1,1,0,0,0,0,0.0,0,0,0,0,0,0,1,0,1,0,0,0,0.0,0.034482758620689655,0.0625,0
https://aws-portal.amazon.com,0,29,21,0,0,0,2,1,0,2,0,0,0,0,0,0,1,0,0,1,1,0,1,1,0,0.0,0,0,0,1,0,0,1,0,0,0,0,0,0.0,0.034482758620689655,0.047619047619047616,0
https://www.well-beingindex.com,0,31,23,0,0,0,2,1,0,2,0,0,0,0,0,0,0,0,0,1,1,0,0,0,0,0.0,0,0,0,0,0,0,1,0,0,0,0,0,0.0,0.03225806451612903,0.043478260869565216,0
https://www.stack-overflow.com,0,30,22,0,0,0,2,1,0,2,0,0,0,0,0,0,0,0,0,1,1,0,0,0,0,0.0,0,0,0,0,0,0,1,0,0,0,0,0,0.0,0.03333333333333333,0.045454545454545456,0
https://login.live.com,0,22,14,0,0,0,2,0,0,2,0,0,0,0,0,0,1,0,0,0,0,0,0,0,0,0.0,0,0,0,0,0,0,1,0,0,0,0,0,0.0,0.0,0.0,0
https://login.live.com/login.srf,0,32,14,10,0,0,3,0,0,3,0,0,0,0,0,0,1,0,0,0,0,0,0,0,0,0.0,0,0,1,0,1,1,1,0,1,0,0,0,0.0,0.0,0.0,1
https://self-service.adobe.com,0,30,22,0,0,0,2,1,0,2,0,0,0,0,0,0,1,0,0,1,1,0,0,0,0,0.0,0,0,0,0,0,0,1,0,0,0,0,0,0.0,0.03333333333333333,0.045454545454545456,0
https://developer-tools.google.com,0,34,26,0,0,0,2,1,0,2,0,0,0,0,0,0,1,0,0,1,1,0,1,1,0,0.0,0,0,0,1,0,0,1,0,0,0,0,0,0.0,0.029411764705882353,0.038461538461538464,0
https://open-platform.twitter.com,0,33,25,0,0,0,2,1,0,2,0,0,0,0,0,0,1,0,0,1,1,0,1,1,0,0.0,0,0,0,0,0,0,1,0,0,0,0,0,0.0,0.030303030303030304,0.04,0
https://my-account.autodesk.com,0,31,23,0,0,0,2,1,0,2,0,0,0,0,0,0,1,0,0,1,1,0,0,0,0,0.0,0,0,0,0,0,0,1,0,0,0,0,0,0.0,0.03225806451612903,0.043478260869565216,0
https://app-directory.slack.com,0,31,23,0,0,0,2,1,0,2,0,0,0,0,0,0,1,0,0,1,1,0,0,0,0,0.0,0,0,0,0,0,0,1,0,0,0,0,0,0.0,0.03225806451612903,0.043478260869565216,0
https://help-center.medium.com,0,30,22,0,0,0,2,1,0,2,0,0,0,0,0,0,1,0,0,1,1,0,0,0,0,0.0,0,0,0,0,0,0,1,0,0,0,0,0,0.0,0.03333333333333333,0.045454545454545456,0
https://www.python.org,0,22,14,0,0,0,2,0,0,2,0,0,0,0,0,0,0,0,0,0,0,0,0,0,0,0.0,0,0,0,0,0,0,1,0,0,0,0,0,0.0,0.0,0.0,0
https://reactjs.org,0,19,11,0,0,0,1,0,0,2,0,0,0,0,0,0,0,0,0,0,0,0,0,0,0,0.0,0,0,0,0,0,0,1,0,0,0,0,0,0.0,0.0,0.0,0
https://vuejs.org,0,17,9,0,0,0,1,0,0,2,0,0,0,0,0,0,0,0,0,0,0,0,0,0,0,0.0,0,0,0,0,0,0,1,0,0,0,0,0,0.0,0.0,0.0,0
https://angular.io,0,18,10,0,0,0,1,0,0,2,0,0,0,0,0,0,0,0,0,0,0,0,0,0,0,0.0,0,0,0,0,0,0,1,0,0,0,0,0,0.0,0.0,0.0,0
https://nodejs.org,0,18,10,0,0,0,1,0,0,2,0,0,0,0,0,0,0,0,0,0,0,0,0,0,0,0.0,0,0,0,0,0,0,1,0,0,0,0,0,0.0,0.0,0.0,0
https://www.djangoproject.com,0,29,21,0,0,0,2,0,0,2,0,0,0,0,0,0,0,0,0,0,0,0,0,0,0,0.0,0,0,0,0,0,0,1,0,0,0,0,0,0.0,0.0,0.0,0
https://flask.palletsprojects.com,0,33,25,0,0,0,2,0,0,2,0,0,0,0,0,0,1,0,0,0,0,0,0,0,0,0.0,0,0,0,0,0,0,1,0,0,0,0,0,0.0,0.0,0.0,0
https://fastapi.tiangolo.com,0,28,20,0,0,0,2,0,0,2,0,0,0,0,0,0,1,0,0,0,0,0,0,0,0,0.0,0,0,0,0,0,0,1,0,0,0,0,0,0.0,0.0,0.0,0
https://www.postgresql.org,0,26,18,0,0,0,2,0,0,2,0,0,0,0,0,0,0,0,0,0,0,0,0,0,0,0.0,0,0,0,0,0,0,1,0,0,0,0,0,0.0,0.0,0.0,0
https://www.mongodb.com,0,23,15,0,0,0,2,0,0,2,0,0,0,0,0,0,0,0,0,0,0,0,0,0,0,0.0,0,0,0,0,0,0,1,0,0,0,0,0,0.0,0.0,0.0,0
https://redis.io,0,16,8,0,0,0,1,0,0,2,0,0,0,0,0,0,0,0,0,0,0,0,0,0,0,0.0,0,0,0,0,0,0,1,0,0,0,0,0,0.0,0.0,0.0,0
https://www.docker.com,0,22,14,0,0,0,2,0,0,2,0,0,0,0,0,0,0,0,0,0,0,0,0,0,0,0.0,0,0,0,0,0,0,1,0,0,0,0,0,0.0,0.0,0.0,0
https://kubernetes.io,0,21,13,0,0,0,1,0,0,2,0,0,0,0,0,0,0,0,0,0,0,0,0,0,0,0.0,0,0,0,0,0,0,1,0,0,0,0,0,0.0,0.0,0.0,0
https://aws.amazon.com,0,22,14,0,0,0,2,0,0,2,0,0,0,0,0,0,1,0,0,0,0,0,1,1,0,0.0,0,0,0,1,0,0,1,0,0,0,0,0,0.0,0.0,0.0,0
https://azure.microsoft.com,0,27,19,0,0,0,2,0,0,2,0,0,0,0,0,0,1,0,0,0,0,0,1,1,0,0.0,0,0,0,1,0,0,1,0,0,0,0,0,0.0,0.0,0.0,0
https://cloud.google.com,0,24,16,0,0,0,2,0,0,2,0,0,0,0,0,0,1,0,0,0,0,0,1,1,0,0.0,0,0,0,1,0,0,1,0,0,0,0,0,0.0,0.0,0.0,0
https://vercel.com,0,18,10,0,0,0,1,0,0,2,0,0,0,0,0,0,0,0,0,0,0,0,0,0,0,0.0,0,0,0,0,0,0,1,0,0,0,0,0,0.0,0.0,0.0,0
https://netlify.com,0,19,11,0,0,0,1,0,0,2,0,0,0,0,0,0,0,0,0,0,0,0,0,0,0,0.0,0,0,0,0,0,0,1,0,0,0,0,0,0.0,0.0,0.0,0
https://www.digitalocean.com,0,28,20,0,0,0,2,0,0,2,0,0,0,0,0,0,0,0,0,0,0,0,0,0,0,0.0,0,0,0,0,0,0,1,0,0,0,0,0,0.0,0.0,0.0,0
https://gitlab.com,0,18,10,0,0,0,1,0,0,2,0,0,0,0,0,0,0,0,0,0,0,0,0,0,0,0.0,0,0,0,0,0,0,1,0,0,0,0,0,0.0,0.0,0.0,0
https://bitbucket.org,0,21,13,0,0,0,1,0,0,2,0,0,0,0,0,0,0,0,0,0,0,0,0,0,0,0.0,0,0,0,0,0,0,1,0,0,0,0,0,0.0,0.0,0.0,0
https://www.jetbrains.com,0,25,17,0,0,0,2,0,0,2,0,0,0,0,0,0,0,0,0,0,0,0,0,0,0,0.0,0,0,0,0,0,0,1,0,0,0,0,0,0.0,0.0,0.0,0
https://code.visualstudio.com,0,29,21,0,0,0,2,0,0,2,0,0,0,0,0,0,1,0,0,0,0,0,0,0,0,0.0,0,0,0,0,0,0,1,0,0,0,0,0,0.0,0.0,0.0,0
https://www.postman.com,0,23,15,0,0,0,2,0,0,2,0,0,0,0,0,0,0,0,0,0,0,0,0,0,0,0.0,0,0,0,0,0,0,1,0,0,0,0,0,0.0,0.0,0.0,0
https://swagger.io,0,18,10,0,0,0,1,0,0,2,0,0,0,0,0,0,0,0,0,0,0,0,0,0,0,0.0,0,0,0,0,0,0,1,0,0,0,0,0,0.0,0.0,0.0,0
https://www.nginx.com,0,21,13,0,0,0,2,0,0,2,0,0,0,0,0,0,0,0,0,0,0,0,0,0,0,0.0,0,0,0,0,0,0,1,0,0,0,0,0,0.0,0.0,0.0,0
https://docs.python.org,0,23,15,0,0,0,2,0,0,2,0,0,0,0,0,0,1,0,0,0,0,0,0,0,0,0.0,0,0,0,0,0,0,1,0,0,0,0,0,0.0,0.0,0.0,0
https://www.w3schools.com,0,25,17,0,0,0,2,0,0,2,0,0,0,0,1,0,0,0,0,0,0,0,0,0,0,0.0,1,0,0,0,0,0,1,0,0,0,0,0,0.04,0.0,0.0,0
https://www.theguardian.com,0,27,19,0,0,0,2,0,0,2,0,0,0,0,0,0,0,0,0,0,0,0,0,0,0,0.0,0,0,0,0,0,0,1,0,0,0,0,0,0.0,0.0,0.0,0
https://www.washingtonpost.com,0,30,22,0,0,0,2,0,0,2,0,0,0,0,0,0,0,0,0,0,0,0,0,0,0,0.0,0,0,0,0,0,0,1,0,0,0,0,0,0.0,0.0,0.0,0
https://www.forbes.com,0,22,14,0,0,0,2,0,0,2,0,0,0,0,0,0,0,0,0,0,0,0,0,0,0,0.0,0,0,0,0,0,0,1,0,0,0,0,0,0.0,0.0,0.0,0
https://www.bloomberg.com,0,25,17,0,0,0,2,0,0,2,0,0,0,0,0,0,0,0,0,0,0,0,0,0,0,0.0,0,0,0,0,0,0,1,0,0,0,0,0,0.0,0.0,0.0,0
https://www.reuters.com,0,23,15,0,0,0,2,0,0,2,0,0,0,0,0,0,0,0,0,0,0,0,0,0,0,0.0,0,0,0,0,0,0,1,0,0,0,0,0,0.0,0.0,0.0,0
https://www.apnews.com,0,22,14,0,0,0,2,0,0,2,0,0,0,0,0,0,0,0,0,0,0,0,0,0,0,0.0,0,0,0,0,0,0,1,0,0,0,0,0,0.0,0.0,0.0,0
https://www.aljazeera.com,0,25,17,0,0,0,2,0,0,2,0,0,0,0,0,0,0,0,0,0,0,0,0,0,0,0.0,0,0,0,0,0,0,1,0,0,0,0,0,0.0,0.0,0.0,0
https://www.npr.org,0,19,11,0,0,0,2,0,0,2,0,0,0,0,0,0,0,0,0,0,0,0,0,0,0,0.0,0,0,0,0,0,0,1,0,0,0,0,0,0.0,0.0,0.0,0
https://www.wired.com,0,21,13,0,0,0,2,0,0,2,0,0,0,0,0,0,0,0,0,0,0,0,0,0,0,0.0,0,0,0,0,0,0,1,0,0,0,0,0,0.0,0.0,0.0,0
https://www.techcrunch.com,0,26,18,0,0,0,2,0,0,2,0,0,0,0,0,0,0,0,0,0,0,0,0,0,0,0.0,0,0,0,0,0,0,1,0,0,0,0,0,0.0,0.0,0.0,0
https://www.theverge.com,0,24,16,0,0,0,2,0,0,2,0,0,0,0,0,0,0,0,0,0,0,0,0,0,0,0.0,0,0,0,0,0,0,1,0,0,0,0,0,0.0,0.0,0.0,0
https://arstechnica.com,0,23,15,0,0,0,1,0,0,2,0,0,0,0,0,0,0,0,0,0,0,0,0,0,0,0.0,0,0,0,0,0,0,1,0,0,0,0,0,0.0,0.0,0.0,0
https://www.cnet.com,0,20,12,0,0,0,2,0,0,2,0,0,0,0,0,0,0,0,0,0,0,0,0,0,0,0.0,0,0,0,0,0,0,1,0,0,0,0,0,0.0,0.0,0.0,0
https://www.zdnet.com,0,21,13,0,0,0,2,0,0,2,0,0,0,0,0,0,0,0,0,0,0,0,0,0,0,0.0,0,0,0,0,0,0,1,0,0,0,0,0,0.0,0.0,0.0,0
https://www.visa.com,0,20,12,0,0,0,2,0,0,2,0,0,0,0,0,0,0,0,0,0,0,0,0,0,0,0.0,0,0,0,0,0,0,1,0,0,0,0,0,0.0,0.0,0.0,0
https://www.mastercard.com,0,26,18,0,0,0,2,0,0,2,0,0,0,0,0,0,0,0,0,0,0,0,0,0,0,0.0,0,0,0,0,0,0,1,0,0,0,0,0,0.0,0.0,0.0,0
https://www.chase.com,0,21,13,0,0,0,2,0,0,2,0,0,0,0,0,0,0,0,0,0,0,0,1,1,0,0.0,0,0,0,0,0,0,1,0,0,0,0,0,0.0,0.0,0.0,0
https://www.bankofamerica.com,0,29,21,0,0,0,2,0,0,2,0,0,0,0,0,0,0,0,0,0,0,0,1,1,0,0.0,0,0,0,0,0,0,1,0,0,0,0,0,0.0,0.0,0.0,0
https://www.wellsfargo.com,0,26,18,0,0,0,2,0,0,2,0,0,0,0,0,0,0,0,0,0,0,0,1,1,0,0.0,0,0,0,0,0,0,1,0,0,0,0,0,0.0,0.0,0.0,0
https://www.schwab.com,0,22,14,0,0,0,2,0,0,2,0,0,0,0,0,0,0,0,0,0,0,0,0,0,0,0.0,0,0,0,0,0,0,1,0,0,0,0,0,0.0,0.0,0.0,0
https://www.fidelity.com,0,24,16,0,0,0,2,0,0,2,0,0,0,0,0,0,0,0,0,0,0,0,0,0,0,0.0,0,0,0,0,0,0,1,0,0,0,0,0,0.0,0.0,0.0,0
https://www.coinbase.com,0,24,16,0,0,0,2,0,0,2,0,0,0,0,0,0,0,0,0,0,0,0,0,0,0,0.0,0,0,0,0,0,0,1,0,0,0,0,0,0.0,0.0,0.0,0
https://www.stripe.com,0,22,14,0,0,0,2,0,0,2,0,0,0,0,0,0,0,0,0,0,0,0,0,0,0,0.0,0,0,0,0,0,0,1,0,0,0,0,0,0.0,0.0,0.0,0
https://www.walmart.com,0,23,15,0,0,0,2,0,0,2,0,0,0,0,0,0,0,0,0,0,0,0,0,0,0,0.0,0,0,0,0,0,0,1,0,0,0,0,0,0.0,0.0,0.0,0
https://www.target.com,0,22,14,0,0,0,2,0,0,2,0,0,0,0,0,0,0,0,0,0,0,0,0,0,0,0.0,0,0,0,0,0,0,1,0,0,0,0,0,0.0,0.0,0.0,0
https://www.bestbuy.com,0,23,15,0,0,0,2,0,0,2,0,0,0,0,0,0,0,0,0,0,0,0,0,0,0,0.0,0,0,0,0,0,0,1,0,0,0,0,0,0.0,0.0,0.0,0
https://www.etsy.com,0,20,12,0,0,0,2,0,0,2,0,0,0,0,0,0,0,0,0,0,0,0,0,0,0,0.0,0,0,0,0,0,0,1,0,0,0,0,0,0.0,0.0,0.0,0
https://www.aliexpress.com,0,26,18,0,0,0,2,0,0,2,0,0,0,0,0,0,0,0,0,0,0,0,0,0,0,0.0,0,0,0,0,0,0,1,0,0,0,0,0,0.0,0.0,0.0,0
https://www.ikea.com,0,20,12,0,0,0,2,0,0,2,0,0,0,0,0,0,0,0,0,0,0,0,0,0,0,0.0,0,0,0,0,0,0,1,0,0,0,0,0,0.0,0.0,0.0,0
https://www.coursera.org,0,24,16,0,0,0,2,0,0,2,0,0,0,0,0,0,0,0,0,0,0,0,0,0,0,0.0,0,0,0,0,0,0,1,0,0,0,0,0,0.0,0.0,0.0,0
https://www.udemy.com,0,21,13,0,0,0,2,0,0,2,0,0,0,0,0,0,0,0,0,0,0,0,0,0,0,0.0,0,0,0,0,0,0,1,0,0,0,0,0,0.0,0.0,0.0,0
https://www.khanacademy.org,0,27,19,0,0,0,2,0,0,2,0,0,0,0,0,0,0,0,0,0,0,0,0,0,0,0.0,0,0,0,0,0,0,1,0,0,0,0,0,0.0,0.0,0.0,0
https://www.edx.org,0,19,11,0,0,0,2,0,0,2,0,0,0,0,0,0,0,0,0,0,0,0,0,0,0,0.0,0,0,0,0,0,0,1,0,0,0,0,0,0.0,0.0,0.0,0
https://www.duolingo.com,0,24,16,0,0,0,2,0,0,2,0,0,0,0,0,0,0,0,0,0,0,0,0,0,0,0.0,0,0,0,0,0,0,1,0,0,0,0,0,0.0,0.0,0.0,0
https://www.codecademy.com,0,26,18,0,0,0,2,0,0,2,0,0,0,0,0,0,0,0,0,0,0,0,0,0,0,0.0,0,0,0,0,0,0,1,0,0,0,0,0,0.0,0.0,0.0,0
https://www.freecodecamp.org,0,28,20,0,0,0,2,0,0,2,0,0,0,0,0,0,0,0,0,0,0,0,0,0,0,0.0,0,0,0,0,0,0,1,0,0,0,0,0,0.0,0.0,0.0,0
https://www.harvard.edu,0,23,15,0,0,0,2,0,0,2,0,0,0,0,0,0,0,0,0,0,0,0,0,0,0,0.0,0,0,0,0,0,0,1,0,0,0,0,0,0.0,0.0,0.0,0
https://www.mit.edu,0,19,11,0,0,0,2,0,0,2,0,0,0,0,0,0,0,0,0,0,0,0,0,0,0,0.0,0,0,0,0,0,0,1,0,0,0,0,0,0.0,0.0,0.0,0
https://www.stanford.edu,0,24,16,0,0,0,2,0,0,2,0,0,0,0,0,0,0,0,0,0,0,0,0,0,0,0.0,0,0,0,0,0,0,1,0,0,0,0,0,0.0,0.0,0.0,0
https://www.ox.ac.uk,0,20,12,0,0,0,3,0,0,2,0,0,0,0,0,0,1,0,0,0,0,0,0,0,0,0.0,0,0,0,0,0,0,1,0,0,0,0,0,0.0,0.0,0.0,0
https://www.who.int,0,19,11,0,0,0,2,0,0,2,0,0,0,0,0,0,0,0,0,0,0,0,0,0,0,0.0,0,0,0,0,0,0,1,0,0,0,0,0,0.0,0.0,0.0,0
https://www.cdc.gov,0,19,11,0,0,0,2,0,0,2,0,0,0,0,0,0,0,0,0,0,0,0,0,0,0,0.0,0,0,0,0,0,0,1,0,0,0,0,0,0.0,0.0,0.0,0
https://www.nih.gov,0,19,11,0,0,0,2,0,0,2,0,0,0,0,0,0,0,0,0,0,0,0,0,0,0,0.0,0,0,0,0,0,0,1,0,0,0,0,0,0.0,0.0,0.0,0
https://www.mayoclinic.org,0,26,18,0,0,0,2,0,0,2,0,0,0,0,0,0,0,0,0,0,0,0,0,0,0,0.0,0,0,0,0,0,0,1,0,0,0,0,0,0.0,0.0,0.0,0
https://www.webmd.com,0,21,13,0,0,0,2,0,0,2,0,0,0,0,0,0,0,0,0,0,0,0,0,0,0,0.0,0,0,0,0,0,0,1,0,0,0,0,0,0.0,0.0,0.0,0
https://www.usa.gov,0,19,11,0,0,0,2,0,0,2,0,0,0,0,0,0,0,0,0,0,0,0,0,0,0,0.0,0,0,0,0,0,0,1,0,0,0,0,0,0.0,0.0,0.0,0
https://www.gov.uk,0,18,10,0,0,0,2,0,0,2,0,0,0,0,0,0,0,0,0,0,0,0,0,0,0,0.0,0,0,0,0,0,0,1,0,0,0,0,0,0.0,0.0,0.0,0
https://www.nasa.gov,0,20,12,0,0,0,2,0,0,2,0,0,0,0,0,0,0,0,0,0,0,0,0,0,0,0.0,0,0,0,0,0,0,1,0,0,0,0,0,0.0,0.0,0.0,0
https://www.whitehouse.gov,0,26,18,0,0,0,2,0,0,2,0,0,0,0,0,0,0,0,0,0,0,0,0,0,0,0.0,0,0,0,0,0,0,1,0,0,0,0,0,0.0,0.0,0.0,0
https://asana.com,0,17,9,0,0,0,1,0,0,2,0,0,0,0,0,0,0,0,0,0,0,0,0,0,0,0.0,0,0,0,0,0,0,1,0,0,0,0,0,0.0,0.0,0.0,0
https://monday.com,0,18,10,0,0,0,1,0,0,2,0,0,0,0,0,0,0,0,0,0,0,0,0,0,0,0.0,0,0,0,0,0,0,1,0,0,0,0,0,0.0,0.0,0.0,0
https://www.notion.so,0,21,13,0,0,0,2,0,0,2,0,0,0,0,0,0,0,0,0,0,0,0,0,0,0,0.0,0,0,0,0,0,0,1,0,0,0,0,0,0.0,0.0,0.0,0
https://www.trello.com,0,22,14,0,0,0,2,0,0,2,0,0,0,0,0,0,0,0,0,0,0,0,0,0,0,0.0,0,0,0,0,0,0,1,0,0,0,0,0,0.0,0.0,0.0,0
https://www.canva.com,0,21,13,0,0,0,2,0,0,2,0,0,0,0,0,0,0,0,0,0,0,0,0,0,0,0.0,0,0,0,0,0,0,1,0,0,0,0,0,0.0,0.0,0.0,0
https://www.figma.com,0,21,13,0,0,0,2,0,0,2,0,0,0,0,0,0,0,0,0,0,0,0,0,0,0,0.0,0,0,0,0,0,0,1,0,0,0,0,0,0.0,0.0,0.0,0
https://www.grammarly.com,0,25,17,0,0,0,2,0,0,2,0,0,0,0,0,0,0,0,0,0,0,0,0,0,0,0.0,0,0,0,0,0,0,1,0,0,0,0,0,0.0,0.0,0.0,0
https://www.deepl.com,0,21,13,0,0,0,2,0,0,2,0,0,0,0,0,0,0,0,0,0,0,0,0,0,0,0.0,0,0,0,0,0,0,1,0,0,0,0,0,0.0,0.0,0.0,0
https://translate.google.com,0,28,20,0,0,0,2,0,0,2,0,0,0,0,0,0,1,0,0,0,0,0,1,1,0,0.0,0,0,0,1,0,0,1,0,0,0,0,0,0.0,0.0,0.0,0
https://www.wolframalpha.com,0,28,20,0,0,0,2,0,0,2,0,0,0,0,0,0,0,0,0,0,0,0,0,0,0,0.0,0,0,0,0,0,0,1,0,0,0,0,0,0.0,0.0,0.0,0
https://www.archive.org,0,23,15,0,0,0,2,0,0,2,0,0,0,0,0,0,0,0,0,0,0,0,0,0,0,0.0,0,0,0,0,0,0,1,0,0,0,0,0,0.0,0.0,0.0,0
https://www.zoom.us,0,19,11,0,0,0,2,0,0,2,0,0,0,0,0,0,0,0,0,0,0,0,0,0,0,0.0,0,0,0,0,0,0,1,0,0,0,0,0,0.0,0.0,0.0,0
https://www.slack.com,0,21,13,0,0,0,2,0,0,2,0,0,0,0,0,0,0,0,0,0,0,0,0,0,0,0.0,0,0,0,0,0,0,1,0,0,0,0,0,0.0,0.0,0.0,0
https://discord.com,0,19,11,0,0,0,1,0,0,2,0,0,0,0,0,0,0,0,0,0,0,0,0,0,0,0.0,0,0,0,0,0,0,1,0,0,0,0,0,0.0,0.0,0.0,0
https://telegram.org,0,20,12,0,0,0,1,0,0,2,0,0,0,0,0,0,0,0,0,0,0,0,0,0,0,0.0,0,0,0,0,0,0,1,0,0,0,0,0,0.0,0.0,0.0,0
https://meet.google.com,0,23,15,0,0,0,2,0,0,2,0,0,0,0,0,0,1,0,0,0,0,0,1,1,0,0.0,0,0,0,1,0,0,1,0,0,0,0,0,0.0,0.0,0.0,0
https://teams.microsoft.com,0,27,19,0,0,0,2,0,0,2,0,0,0,0,0,0,1,0,0,0,0,0,1,1,0,0.0,0,0,0,1,0,0,1,0,0,0,0,0,0.0,0.0,0.0,0
https://www.whatsapp.com,0,24,16,0,0,0,2,0,0,2,0,0,0,0,0,0,0,0,0,0,0,0,0,0,0,0.0,0,0,0,0,0,0,1,0,0,0,0,0,0.0,0.0,0.0,0
https://www.tiktok.com,0,22,14,0,0,0,2,0,0,2,0,0,0,0,0,0,0,0,0,0,0,0,0,0,0,0.0,0,0,0,0,0,0,1,0,0,0,0,0,0.0,0.0,0.0,0
https://www.tumblr.com,0,22,14,0,0,0,2,0,0,2,0,0,0,0,0,0,0,0,0,0,0,0,0,0,0,0.0,0,0,0,0,0,0,1,0,0,0,0,0,0.0,0.0,0.0,0
https://www.flickr.com,0,22,14,0,0,0,2,0,0,2,0,0,0,0,0,0,0,0,0,0,0,0,0,0,0,0.0,0,0,0,0,0,0,1,0,0,0,0,0,0.0,0.0,0.0,0
https://www.pinterest.com,0,25,17,0,0,0,2,0,0,2,0,0,0,0,0,0,0,0,0,0,0,0,0,0,0,0.0,0,0,0,0,0,0,1,0,0,0,0,0,0.0,0.0,0.0,0
https://www.snapchat.com,0,24,16,0,0,0,2,0,0,2,0,0,0,0,0,0,0,0,0,0,0,0,0,0,0,0.0,0,0,0,0,0,0,1,0,0,0,0,0,0.0,0.0,0.0,0
https://www.deviantart.com,0,26,18,0,0,0,2,0,0,2,0,0,0,0,0,0,0,0,0,0,0,0,0,0,0,0.0,0,0,0,0,0,0,1,0,0,0,0,0,0.0,0.0,0.0,0
https://www.quora.com,0,21,13,0,0,0,2,0,0,2,0,0,0,0,0,0,0,0,0,0,0,0,0,0,0,0.0,0,0,0,0,0,0,1,0,0,0,0,0,0.0,0.0,0.0,0
https://www.medium.com,0,22,14,0,0,0,2,0,0,2,0,0,0,0,0,0,0,0,0,0,0,0,0,0,0,0.0,0,0,0,0,0,0,1,0,0,0,0,0,0.0,0.0,0.0,0
https://www.amazon.com/dp/B08N5KWB9H,0,36,14,14,0,0,2,0,0,4,0,0,0,0,4,0,0,0,0,0,0,0,1,1,0,0.0,0,0,0,1,0,0,1,0,2,0,0,0,0.1111111111111111,0.0,0.0,0
https://www.amazon.com/s?k=laptop&ref=nav,0,41,14,2,0,0,2,0,0,3,1,2,1,0,0,0,0,0,0,0,0,0,1,1,0,0.0,0,0,0,1,0,0,1,0,1,0,0,0,0.0,0.0,0.0,0
https://github.com/torvalds/linux,0,33,10,15,0,0,1,0,0,4,0,0,0,0,0,0,0,0,0,0,0,0,0,0,0,0.0,0,0,0,0,0,0,1,0,2,0,0,0,0.0,0.0,0.0,0
https://github.com/settings/profile,0,35,10,17,0,0,1,0,0,4,0,0,0,0,0,0,0,0,0,0,0,0,0,0,0,0.0,0,0,0,0,0,0,1,0,2,0,0,0,0.0,0.0,0.0,0
https://stackoverflow.com/questions/tagged/python,0,49,17,24,0,0,1,0,0,5,0,0,0,0,0,0,0,0,0,0,0,0,0,0,0,0.0,0,0,0,0,0,0,1,0,3,0,0,0,0.0,0.0,0.0,0
https://www.youtube.com/watch?v=dQw4w9WgXcQ,0,43,15,6,0,0,2,0,0,3,1,1,0,0,2,0,0,0,0,0,0,0,0,0,0,0.0,0,0,0,0,0,0,1,0,1,0,0,0,0.046511627906976744,0.0,0.0,0
https://en.wikipedia.org/wiki/Machine_learning,0,46,16,22,0,0,2,0,1,4,0,0,0,0,0,0,1,0,0,0,0,0,0,0,0,0.0,0,0,0,0,0,0,1,0,2,0,0,0,0.0,0.021739130434782608,0.0,0
https://docs.python.org/3/library/urllib.html,0,45,15,22,0,0,3,0,0,5,0,0,0,0,1,0,1,0,0,0,0,0,0,0,0,0.0,0,0,0,0,0,0,1,0,3,0,0,0,0.022222222222222223,0.0,0.0,0
https://mail.google.com/mail/u/0/#inbox,0,39,15,10,0,0,2,0,0,6,0,0,0,0,1,0,1,0,0,0,0,0,1,1,0,0.0,0,0,0,1,0,0,1,0,3,0,0,0,0.02564102564102564,0.0,0.0,0
https://www.reddit.com/r/programming,0,36,14,14,0,0,2,0,0,4,0,0,0,0,0,0,0,0,0,0,0,0,0,0,0,0.0,0,0,0,0,0,0,1,0,2,0,0,0,0.0,0.0,0.0,0
https://www.linkedin.com/in/username,0,36,16,12,0,0,2,0,0,4,0,0,0,0,0,0,0,0,0,0,0,0,1,1,0,0.0,0,0,0,0,0,0,1,0,2,0,0,0,0.0,0.0,0.0,0
https://www.netflix.com/browse,0,30,15,7,0,0,2,0,0,3,0,0,0,0,0,0,0,0,0,0,0,0,1,1,0,0.0,0,0,0,1,0,0,1,0,1,0,0,0,0.0,0.0,0.0,0
https://drive.google.com/drive/my-drive,0,39,16,15,0,0,2,1,0,4,0,0,0,0,0,0,1,0,0,0,0,0,1,1,0,0.0,0,0,0,1,0,0,1,0,2,0,0,0,0.0,0.02564102564102564,0.0,0
https://calendar.google.com/calendar/r,0,38,19,11,0,0,2,0,0,4,0,0,0,0,0,0,1,0,0,0,0,0,1,1,0,0.0,0,0,0,1,0,0,1,0,2,0,0,0,0.0,0.0,0.0,0
https://maps.google.com,0,23,15,0,0,0,2,0,0,2,0,0,0,0,0,0,1,0,0,0,0,0,1,1,0,0.0,0,0,0,1,0,0,1,0,0,0,0,0,0.0,0.0,0.0,0
https://news.google.com,0,23,15,0,0,0,2,0,0,2,0,0,0,0,0,0,1,0,0,0,0,0,1,1,0,0.0,0,0,0,1,0,0,1,0,0,0,0,0,0.0,0.0,0.0,0
https://play.google.com/store,0,29,15,6,0,0,2,0,0,3,0,0,0,0,0,0,1,0,0,0,0,0,1,1,0,0.0,0,0,0,1,0,0,1,0,1,0,0,0,0.0,0.0,0.0,0
https://photos.google.com,0,25,17,0,0,0,2,0,0,2,0,0,0,0,0,0,1,0,0,0,0,0,1,1,0,0.0,0,0,0,1,0,0,1,0,0,0,0,0,0.0,0.0,0.0,0
https://www.adobe.com,0,21,13,0,0,0,2,0,0,2,0,0,0,0,0,0,0,0,0,0,0,0,0,0,0,0.0,0,0,0,0,0,0,1,0,0,0,0,0,0.0,0.0,0.0,0
https://www.oracle.com,0,22,14,0,0,0,2,0,0,2,0,0,0,0,0,0,0,0,0,0,0,0,0,0,0,0.0,0,0,0,0,0,0,1,0,0,0,0,0,0.0,0.0,0.0,0
https://www.ibm.com,0,19,11,0,0,0,2,0,0,2,0,0,0,0,0,0,0,0,0,0,0,0,0,0,0,0.0,0,0,0,0,0,0,1,0,0,0,0,0,0.0,0.0,0.0,0
https://www.salesforce.com,0,26,18,0,0,0,2,0,0,2,0,0,0,0,0,0,0,0,0,0,0,0,0,0,0,0.0,0,0,0,0,0,0,1,0,0,0,0,0,0.0,0.0,0.0,0
https://www.shopify.com,0,23,15,0,0,0,2,0,0,2,0,0,0,0,0,0,0,0,0,0,0,0,0,0,0,0.0,0,0,0,0,0,0,1,0,0,0,0,0,0.0,0.0,0.0,0
https://www.wordpress.com,0,25,17,0,0,0,2,0,0,2,0,0,0,0,0,0,0,0,0,0,0,0,0,0,0,0.0,0,0,0,0,0,0,1,0,0,0,0,0,0.0,0.0,0.0,0
https://paypa1.com/login/secure/verify,1,38,10,20,0,0,1,0,0,5,0,0,0,0,1,0,0,0,0,0,0,0,0,1,1,1.0,1,0,3,0,3,1,1,0,3,0,0,0,0.02631578947368421,0.0,0.0,3
https://arnazon-orders.com/account/verify,1,41,18,15,0,0,1,1,0,4,0,0,0,0,0,0,0,0,0,1,1,0,0,1,0,0.0,0,0,2,0,2,1,1,0,2,0,0,0,0.0,0.024390243902439025,0.05555555555555555,2
https://g00gle-security.com/alert/action,1,40,19,13,0,0,1,1,0,4,0,0,0,0,2,0,0,0,0,1,1,0,0,1,0,0.0,1,0,0,0,0,0,1,0,2,0,0,0,0.05,0.025,0.05263157894736842,0
https://faceb00k-login.net/confirm/identity,1,43,18,17,0,0,1,1,0,4,0,0,0,0,2,0,0,0,0,1,1,0,0,1,0,0.0,1,0,1,0,1,1,1,0,2,0,0,0,0.046511627906976744,0.023255813953488372,0.05555555555555555,1
https://rnicrosoft.net/security/update,1,38,14,16,0,0,1,0,0,4,0,0,0,0,0,0,0,0,0,0,0,0,0,1,1,1.0,0,0,1,0,1,1,1,0,2,0,0,0,0.0,0.0,0.0,1
https://www.g00gle.com,1,22,14,0,0,0,2,0,0,2,0,0,0,0,2,0,0,0,0,0,0,0,0,1,1,1.0,1,0,0,0,0,0,1,0,0,0,0,0,0.09090909090909091,0.0,0.0,0
https://www.rnicrosoft.com,1,26,18,0,0,0,2,0,0,2,0,0,0,0,0,0,0,0,0,0,0,0,0,1,1,1.0,0,0,0,0,0,0,1,0,0,0,0,0,0.0,0.0,0.0,0
https://www.go0gle.com,1,22,14,0,0,0,2,0,0,2,0,0,0,0,1,0,0,0,0,0,0,0,0,1,1,1.0,1,0,0,0,0,0,1,0,0,0,0,0,0.045454545454545456,0.0,0.0,0
https://www.goog1e.com,1,22,14,0,0,0,2,0,0,2,0,0,0,0,1,0,0,0,0,0,0,0,0,1,1,1.0,1,0,0,0,0,0,1,0,0,0,0,0,0.045454545454545456,0.0,0.0,0
https://www.micr0soft.com,1,25,17,0,0,0,2,0,0,2,0,0,0,0,1,0,0,0,0,0,0,0,0,1,1,1.0,1,0,0,0,0,0,1,0,0,0,0,0,0.04,0.0,0.0,0
https://www.rn1crosoft.com,1,26,18,0,0,0,2,0,0,2,0,0,0,0,1,0,0,0,0,0,0,0,0,0,1,0.8888888888888888,1,0,0,0,0,0,1,0,0,0,0,0,0.038461538461538464,0.0,0.0,0
https://www.faceb00k.com,1,24,16,0,0,0,2,0,0,2,0,0,0,0,2,0,0,0,0,0,0,0,0,1,1,1.0,1,0,0,0,0,0,1,0,0,0,0,0,0.08333333333333333,0.0,0.0,0
https://www.instagrarn.com,1,26,18,0,0,0,2,0,0,2,0,0,0,0,0,0,0,0,0,0,0,0,0,1,0,0.0,0,0,0,0,0,0,1,0,0,0,0,0,0.0,0.0,0.0,0
https://www.amaz0n.com,1,22,14,0,0,0,2,0,0,2,0,0,0,0,1,0,0,0,0,0,0,0,0,1,1,1.0,1,0,0,0,0,0,1,0,0,0,0,0,0.045454545454545456,0.0,0.0,0
https://www.arnazon.com,1,23,15,0,0,0,2,0,0,2,0,0,0,0,0,0,0,0,0,0,0,0,0,1,1,1.0,0,0,0,0,0,0,1,0,0,0,0,0,0.0,0.0,0.0,0
https://www.paypa1.com,1,22,14,0,0,0,2,0,0,2,0,0,0,0,1,0,0,0,0,0,0,0,0,1,1,1.0,1,0,0,0,0,0,1,0,0,0,0,0,0.045454545454545456,0.0,0.0,0
https://www.app1e.com,1,21,13,0,0,0,2,0,0,2,0,0,0,0,1,0,0,0,0,0,0,0,0,1,1,1.0,1,0,0,0,0,0,1,0,0,0,0,0,0.047619047619047616,0.0,0.0,0
https://www.netf1ix.com,1,23,15,0,0,0,2,0,0,2,0,0,0,0,1,0,0,0,0,0,0,0,0,1,1,1.0,1,0,0,0,0,0,1,0,0,0,0,0,0.043478260869565216,0.0,0.0,0
https://www.tw1tter.com,1,23,15,0,0,0,2,0,0,2,0,0,0,0,1,0,0,0,0,0,0,0,0,0,0,0.0,1,0,0,0,0,0,1,0,0,0,0,0,0.043478260869565216,0.0,0.0,0
https://www.linkedln.com,1,24,16,0,0,0,2,0,0,2,0,0,0,0,0,0,0,0,0,0,0,0,0,0,0,0.0,0,0,0,0,0,0,1,0,0,0,0,0,0.0,0.0,0.0,0
https://www.dropb0x.com,1,23,15,0,0,0,2,0,0,2,0,0,0,0,1,0,0,0,0,0,0,0,0,1,0,0.0,1,0,0,0,0,0,1,0,0,0,0,0,0.043478260869565216,0.0,0.0,0
https://app1e-id-verify.com/signin,1,34,19,7,0,0,1,2,0,3,0,0,0,0,1,0,0,0,0,2,1,0,0,1,0,0.0,1,1,1,0,3,1,1,0,1,0,0,0,0.029411764705882353,0.058823529411764705,0.10526315789473684,2
https://paypal-secure.harvested.net/login,1,41,27,6,0,0,2,1,0,3,0,0,0,0,0,0,1,0,0,1,1,0,1,1,0,0.0,0,1,1,1,3,1,1,0,1,0,0,0,0.0,0.024390243902439025,0.037037037037037035,2
https://secure-amazon.phishcdn.com/verify,1,41,26,7,0,0,2,1,0,3,0,0,0,0,0,0,1,0,0,1,1,0,1,1,0,0.0,0,1,1,1,3,1,1,0,1,0,0,0,0.0,0.024390243902439025,0.038461538461538464,2
https://google-accounts.auth-now.com/signin,1,43,28,7,0,0,2,2,0,3,0,0,0,0,0,0,1,0,0,2,1,0,1,1,0,0.0,0,0,1,1,1,1,1,0,1,0,0,0,0.0,0.046511627906976744,0.07142857142857142,1
https://microsoft-login.malicioussite.net/auth,1,46,33,5,0,0,2,1,0,3,0,0,0,0,0,0,1,0,0,1,1,0,1,1,0,0.0,0,0,0,1,0,0,1,0,1,0,0,0,0.0,0.021739130434782608,0.030303030303030304,0
https://apple-support.fake-login.com/id/verify,1,46,28,10,0,0,2,2,0,4,0,0,0,0,0,0,1,0,0,2,1,0,1,1,0,0.0,0,1,1,1,3,1,1,0,2,0,0,0,0.0,0.043478260869565216,0.07142857142857142,2
https://netflix-secure.credential-harvest.com,1,45,37,0,0,0,2,2,0,2,0,0,0,0,0,0,1,0,0,2,1,0,1,1,0,0.0,0,1,0,1,2,1,1,0,0,0,0,0,0.0,0.044444444444444446,0.05405405405405406,1
https://icloud-unlock.phish-now.com/verify,1,42,27,7,0,0,2,2,0,3,0,0,0,0,0,0,1,0,0,2,1,0,0,0,0,0.0,0,1,1,0,3,1,1,0,1,0,0,0,0.0,0.047619047619047616,0.07407407407407407,2
https://linkedin-auth.stolen-creds.net/login,1,44,30,6,0,0,2,2,0,3,0,0,0,0,0,0,1,0,0,2,1,0,1,1,0,0.0,0,0,1,0,1,1,1,0,1,0,0,0,0.0,0.045454545454545456,0.06666666666666667,1
https://instagram-verify.badactor.com/confirm,1,45,29,8,0,0,2,1,0,3,0,0,0,0,0,0,1,0,0,1,1,0,1,1,0,0.0,0,1,1,1,3,1,1,0,1,0,0,0,0.0,0.022222222222222223,0.034482758620689655,2
http://paypal.verify-account-now.com/update,1,43,29,7,0,0,2,2,0,3,0,0,0,0,0,0,1,0,0,2,1,0,1,1,0,0.0,0,1,1,1,3,1,0,0,1,0,0,0,0.0,0.046511627906976744,0.06896551724137931,2
http://amazon.order-support-help.com/claim,1,42,29,6,0,0,2,2,0,3,0,0,0,0,0,0,1,0,0,2,1,0,1,1,0,0.0,0,1,0,1,2,1,0,0,1,0,0,0,0.0,0.047619047619047616,0.06896551724137931,1
http://google.account-security-alert.com/verify,1,47,33,7,0,0,2,2,0,3,0,0,0,0,0,0,1,0,0,2,1,0,1,1,0,0.0,0,1,1,1,3,1,0,0,1,0,0,0,0.0,0.0425531914893617,0.06060606060606061,2
http://apple.id-restore-help.com/fix,1,36,25,4,0,0,2,2,0,3,0,0,0,0,0,0,1,0,0,2,1,0,1,1,0,0.0,0,1,0,1,2,1,0,0,1,0,0,0,0.0,0.05555555555555555,0.08,1
http://microsoft.account-suspended-now.com/login,1,48,35,6,0,0,2,2,0,3,0,0,0,0,0,0,1,0,0,2,1,0,1,1,0,0.0,0,1,1,1,3,1,0,0,1,0,0,0,0.0,0.041666666666666664,0.05714285714285714,2
http://facebook.login-confirm-identity.com,1,42,35,0,0,0,2,2,0,2,0,0,0,0,0,0,1,0,0,2,1,0,1,1,0,0.0,0,1,0,1,2,1,0,0,0,0,0,0,0.0,0.047619047619047616,0.05714285714285714,1
http://netflix.billing-update-required.com/pay,1,46,35,4,0,0,2,2,0,3,0,0,0,0,0,0,1,0,0,2,1,0,1,1,0,0.0,0,1,0,1,2,1,0,0,1,0,0,0,0.0,0.043478260869565216,0.05714285714285714,1
http://ebay.account-verify-login.com/signin,1,43,29,7,0,0,2,2,0,3,0,0,0,0,0,0,1,0,0,2,1,0,1,1,0,0.0,0,1,1,1,3,1,0,0,1,0,0,0,0.0,0.046511627906976744,0.06896551724137931,2
http://dropbox.file-shared-urgent.com/open,1,42,30,5,0,0,2,2,0,3,0,0,0,0,0,0,1,0,0,2,1,0,1,1,0,0.0,0,1,0,1,2,1,0,0,1,0,0,0,0.0,0.047619047619047616,0.06666666666666667,1
http://twitter.account-restore-help.com/fix,1,43,32,4,0,0,2,2,0,3,0,0,0,0,0,0,1,0,0,2,1,0,1,1,0,0.0,0,1,0,0,2,1,0,0,1,0,0,0,0.0,0.046511627906976744,0.0625,1
https://paypal.phish-secure.com/wallet/signin,1,45,23,14,0,0,2,1,0,4,0,0,0,0,0,0,1,0,0,1,1,0,1,1,0,0.0,0,1,1,1,3,1,1,0,2,0,0,0,0.0,0.022222222222222223,0.043478260869565216,2
https://amazon.prize-winner-confirm.net/claim,1,45,31,6,0,0,2,2,0,3,0,0,0,0,0,0,1,0,0,2,1,0,1,1,0,0.0,0,2,0,1,4,1,1,0,1,0,0,0,0.0,0.044444444444444446,0.06451612903225806,2
https://apple.icloud-restore.malicious.com/verify,1,49,34,7,0,0,3,1,0,3,0,0,0,0,0,0,2,0,0,1,1,0,1,1,0,0.0,0,1,1,1,3,1,1,0,1,0,0,0,0.0,0.02040816326530612,0.029411764705882353,2
http://paypa1.com/account/login,1,31,10,14,0,0,1,0,0,4,0,0,0,0,1,0,0,0,0,0,0,0,0,1,1,1.0,1,0,2,0,2,1,0,0,2,0,0,0,0.03225806451612903,0.0,0.0,2
http://paypai.com/secure/signin,1,31,10,14,0,0,1,0,0,4,0,0,0,0,0,0,0,0,0,0,0,0,0,0,1,0.8333333333333334,0,0,2,0,2,1,0,0,2,0,0,0,0.0,0.0,0.0,2
http://arnazon.com/account/verify,1,33,11,15,0,0,1,0,0,4,0,0,0,0,0,0,0,0,0,0,0,0,0,1,1,1.0,0,0,2,0,2,1,0,0,2,0,0,0,0.0,0.0,0.0,2
http://amazom.com/orders/update,1,31,10,14,0,0,1,0,0,4,0,0,0,0,0,0,0,0,0,0,0,0,0,0,1,0.8333333333333334,0,0,1,0,1,1,0,0,2,0,0,0,0.0,0.0,0.0,1
http://goggle.com/accounts/login,1,32,10,15,0,0,1,0,0,4,0,0,0,0,0,0,0,0,0,0,0,0,0,0,1,0.8333333333333334,0,0,2,0,2,1,0,0,2,0,0,0,0.0,0.0,0.0,2
http://gooogle.com/security/verify,1,34,11,16,0,0,1,0,0,4,0,0,0,0,0,0,0,0,0,0,0,0,0,0,1,0.9230769230769231,0,0,1,0,1,1,0,0,2,0,0,0,0.0,0.0,0.0,1
http://faceb00k.com/login/confirm,1,33,12,14,0,0,1,0,0,4,0,0,0,0,2,0,0,0,0,0,0,0,0,1,1,1.0,1,0,2,0,2,1,0,0,2,0,0,0,0.06060606060606061,0.0,0.0,2
http://facebok.com/account/verify,1,33,11,15,0,0,1,0,0,4,0,0,0,0,0,0,0,0,0,0,0,0,0,0,1,0.9333333333333333,0,0,2,0,2,1,0,0,2,0,0,0,0.0,0.0,0.0,2
http://rnicrosoftcom/security/alert,1,35,13,15,0,0,0,0,0,4,0,0,0,0,0,0,0,0,0,0,0,0,0,1,1,0.8571428571428571,0,0,0,0,0,0,0,0,2,0,0,0,0.0,0.0,0.0,0
http://micosoft.com/account/login,1,33,12,14,0,0,1,0,0,4,0,0,0,0,0,0,0,0,0,0,0,0,0,0,1,0.9411764705882353,0,0,2,0,2,1,0,0,2,0,0,0,0.0,0.0,0.0,2
http://app1e.com/id/verify,1,26,9,10,0,0,1,0,0,4,0,0,0,0,1,0,0,0,0,0,0,0,0,1,1,1.0,1,0,1,0,1,1,0,0,2,0,0,0,0.038461538461538464,0.0,0.0,1
http://aple.com/support/signin,1,30,8,15,0,0,1,0,0,4,0,0,0,0,0,0,0,0,0,0,0,0,0,0,1,0.8888888888888888,0,0,1,0,1,1,0,0,2,0,0,0,0.0,0.0,0.0,1
http://netfl1x.com/account/payment,1,34,11,16,0,0,1,0,0,4,0,0,0,0,1,0,0,0,0,0,0,0,0,0,1,0.8571428571428571,1,0,2,0,2,1,0,0,2,0,0,0,0.029411764705882353,0.0,0.0,2
http://linkedln.com/login/verify,1,32,12,13,0,0,1,0,0,4,0,0,0,0,0,0,0,0,0,0,0,0,0,0,0,0.0,0,0,2,0,2,1,0,0,2,0,0,0,0.0,0.0,0.0,2
http://twiiter.com/account/suspended,1,36,11,18,0,0,1,0,0,4,0,0,0,0,0,0,0,0,0,0,0,0,0,0,0,0.0,0,0,2,0,2,1,0,0,2,0,0,0,0.0,0.0,0.0,2
https://paypa1.net/wallet/update,1,32,10,14,0,0,1,0,0,4,0,0,0,0,1,0,0,0,0,0,0,0,0,1,1,1.0,1,0,1,0,1,1,1,0,2,0,0,0,0.03125,0.0,0.0,1
https://arnazon.net/prime/renew,1,31,11,12,0,0,1,0,0,4,0,0,0,0,0,0,0,0,0,0,0,0,0,1,1,1.0,0,0,0,0,0,0,1,0,2,0,0,0,0.0,0.0,0.0,0
https://g00gle.net/account/security,1,35,10,17,0,0,1,0,0,4,0,0,0,0,2,0,0,0,0,0,0,0,0,1,1,1.0,1,0,1,0,1,1,1,0,2,0,0,0,0.05714285714285714,0.0,0.0,1
http://192.168.1.1/login.php,1,28,11,10,0,0,4,0,0,3,0,0,0,0,8,0,2,0,1,0,0,0,0,0,0,0.0,1,0,1,0,1,1,0,0,1,1,0,0,0.2857142857142857,0.0,0.0,1
http://193.42.61.10/paypal/login,1,32,12,13,0,0,3,0,0,4,0,0,0,0,9,0,2,0,1,0,0,0,0,0,0,0.0,1,0,1,0,1,1,0,0,2,0,0,0,0.28125,0.0,0.0,1
http://10.0.0.1/admin/login.php,1,31,8,16,0,0,4,0,0,4,0,0,0,0,5,0,2,0,1,0,0,0,0,0,0,0.0,1,0,1,0,1,1,0,0,2,1,0,0,0.16129032258064516,0.0,0.0,1
http://172.16.0.1/account/verify,1,32,10,15,0,0,3,0,0,4,0,0,0,0,7,0,2,0,1,0,0,0,0,0,0,0.0,1,0,2,0,2,1,0,0,2,0,0,0,0.21875,0.0,0.0,2
http://185.220.101.45/banking/login,1,35,14,14,0,0,3,0,0,4,0,0,0,0,11,0,2,0,1,0,0,0,0,0,0,0.0,1,0,1,0,1,1,0,0,2,0,0,0,0.3142857142857143,0.0,0.0,1
http://91.108.4.1/secure/account,1,32,10,15,0,0,3,0,0,4,0,0,0,0,7,0,2,0,1,0,0,0,0,0,0,0.0,1,0,2,0,2,1,0,0,2,0,0,0,0.21875,0.0,0.0,2
http://45.33.32.156/update/password,1,35,12,16,0,0,3,0,0,4,0,0,0,0,9,0,2,0,1,0,0,0,0,0,0,0.0,1,0,2,0,2,1,0,0,2,0,0,0,0.2571428571428571,0.0,0.0,2
http://198.51.100.1/login/confirm,1,33,12,14,0,0,3,0,0,4,0,0,0,0,9,0,2,0,1,0,0,0,0,0,0,0.0,1,0,2,0,2,1,0,0,2,0,0,0,0.2727272727272727,0.0,0.0,2
http://203.0.113.1/verify/identity,1,34,11,16,0,0,3,0,0,4,0,0,0,0,8,0,2,0,1,0,0,0,0,0,0,0.0,1,0,1,0,1,1,0,0,2,0,0,0,0.23529411764705882,0.0,0.0,1
http://176.9.0.1/account/suspended,1,34,9,18,0,0,3,0,0,4,0,0,0,0,6,0,2,0,1,0,0,0,0,0,0,0.0,1,0,2,0,2,1,0,0,2,0,0,0,0.17647058823529413,0.0,0.0,2
http://paypal-secure-login.verify-account.com/update,1,52,38,7,0,0,2,3,0,3,0,0,0,0,0,0,1,0,0,3,1,0,1,1,0,0.0,0,2,1,1,5,1,0,0,1,0,0,0,0.0,0.057692307692307696,0.07894736842105263,3
http://paypal-account-locked.click/unlock,1,41,27,7,0,0,1,2,0,3,0,0,0,0,0,0,0,0,0,2,1,1,1,1,0,0.0,0,0,1,1,1,1,0,0,1,0,0,0,0.0,0.04878048780487805,0.07407407407407407,1
http://paypal-money-waiting.click-collect.com,1,45,38,0,0,0,2,3,0,2,0,0,0,0,0,0,1,0,0,3,1,0,1,1,0,0.0,0,0,0,1,0,0,0,0,0,0,0,0,0.0,0.06666666666666667,0.07894736842105263,0
http://confirm-your-paypal.fishy-domain.net/login,1,49,36,6,0,0,2,3,0,3,0,0,0,0,0,0,1,0,0,3,1,0,1,1,0,0.0,0,1,1,1,3,1,0,0,1,0,0,0,0.0,0.061224489795918366,0.08333333333333333,2
http://paypal-verify-account.login-now.tk/secure,1,48,34,7,0,0,2,3,0,3,0,0,0,0,0,0,1,0,0,3,1,1,1,1,0,0.0,0,1,1,1,3,1,0,0,1,0,0,0,0.0,0.0625,0.08823529411764706,2
http://paypal-suspended.account-restore.ml/verify,1,49,35,7,0,0,2,2,0,3,0,0,0,0,0,0,1,0,0,2,1,1,1,1,0,0.0,0,2,1,1,5,1,0,0,1,0,0,0,0.0,0.04081632653061224,0.05714285714285714,3
http://paypal-billing-update.click-here.info/pay,1,48,37,4,0,0,2,3,0,3,0,0,0,0,0,0,1,0,0,3,1,1,1,1,0,0.0,0,1,0,1,2,1,0,0,1,0,0,0,0.0,0.0625,0.08108108108108109,1
http://amazon-account-suspended.com/verify?id=12345,1,51,28,7,0,0,1,2,0,3,1,1,0,0,5,0,0,0,0,2,1,0,1,1,0,0.0,0,1,1,1,3,1,0,0,1,0,0,0,0.09803921568627451,0.0392156862745098,0.07142857142857142,2
http://amazon-winner-free-gift.com/claim,1,40,27,6,0,0,1,3,0,3,0,0,0,0,0,0,0,0,0,3,1,0,1,1,0,0.0,0,1,0,1,2,1,0,0,1,0,0,0,0.0,0.075,0.1111111111111111,1
http://account-suspended-amazon-verify.ml/restore,1,49,34,8,0,0,1,3,0,3,0,0,0,0,0,0,0,0,0,3,1,1,1,1,0,0.0,0,2,1,1,5,1,0,0,1,0,0,0,0.0,0.061224489795918366,0.08823529411764706,3
http://winner-notification-amazon-gift.com/claim,1,48,35,6,0,0,1,3,0,3,0,0,0,0,0,0,0,0,0,3,1,0,1,1,0,0.0,0,1,0,1,2,1,0,0,1,0,0,0,0.0,0.0625,0.08571428571428572,1
http://amazon-prime-account.verify-now.tk/login,1,47,34,6,0,0,2,3,0,3,0,0,0,0,0,0,1,0,0,3,1,1,1,1,0,0.0,0,1,1,1,3,1,0,0,1,0,0,0,0.0,0.06382978723404255,0.08823529411764706,2
http://amazon-billing-error.update-now.net/payment,1,50,35,8,0,0,2,3,0,3,0,0,0,0,0,0,1,0,0,3,1,0,1,1,0,0.0,0,1,1,1,3,1,0,0,1,0,0,0,0.0,0.06,0.08571428571428572,2
http://google-account-verify.login-secure.tk,1,44,37,0,0,0,2,3,0,2,0,0,0,0,0,0,1,0,0,3,1,1,1,1,0,0.0,0,2,0,1,4,1,0,0,0,0,0,0,0.0,0.06818181818181818,0.08108108108108109,2
http://emergency-account-alert-google.com/verify,1,48,34,7,0,0,1,3,0,3,0,0,0,0,0,0,0,0,0,3,1,0,1,1,0,0.0,0,1,1,1,3,1,0,0,1,0,0,0,0.0,0.0625,0.08823529411764706,2
http://gmail-account-hacked.recover-now.tk,1,42,35,0,0,0,2,3,0,2,0,0,0,0,0,0,1,0,0,3,1,1,0,0,0,0.0,0,1,0,0,2,1,0,0,0,0,0,0,0.0,0.07142857142857142,0.08571428571428572,1
http://google-docs-shared-file.malware.net/open,1,47,35,5,0,0,2,3,0,3,0,0,0,0,0,0,1,0,0,3,1,0,1,1,0,0.0,0,0,0,1,0,0,0,0,1,0,0,0,0.0,0.06382978723404255,0.08571428571428572,0
http://google-account-suspended.restore-now.ml/fix,1,50,39,4,0,0,2,3,0,3,0,0,0,0,0,0,1,0,0,3,1,1,1,1,0,0.0,0,2,0,1,4,1,0,0,1,0,0,0,0.0,0.06,0.07692307692307693,2
http://gmail-password-reset.urgent-now.tk/recover,1,49,34,8,0,0,2,3,0,3,0,0,0,0,0,0,1,0,0,3,1,1,0,0,0,0.0,0,1,1,0,3,1,0,0,1,0,0,0,0.0,0.061224489795918366,0.08823529411764706,2
http://facebook-login-confirm.com/account/update,1,48,26,15,0,0,1,2,0,4,0,0,0,0,0,0,0,0,0,2,1,0,1,1,0,0.0,0,1,2,1,4,1,0,0,2,0,0,0,0.0,0.041666666666666664,0.07692307692307693,3
http://account-locked-facebook.com/restore,1,42,27,8,0,0,1,2,0,3,0,0,0,0,0,0,0,0,0,2,1,0,1,1,0,0.0,0,0,1,1,1,1,0,0,1,0,0,0,0.0,0.047619047619047616,0.07407407407407407,1
http://facebook-security-alert.phish-link.com/verify,1,52,38,7,0,0,2,3,0,3,0,0,0,0,0,0,1,0,0,3,1,0,1,1,0,0.0,0,1,1,1,3,1,0,0,1,0,0,0,0.0,0.057692307692307696,0.07894736842105263,2
http://facebook-free-followers.click-get.com/boost,1,50,37,6,0,0,2,3,0,3,0,0,0,0,0,0,1,0,0,3,1,0,1,1,0,0.0,0,0,0,1,0,0,0,0,1,0,0,0,0.0,0.06,0.08108108108108109,0
http://facebook-prize-winner.claim-now.xyz/get,1,46,35,4,0,0,2,3,0,3,0,0,0,0,0,0,1,0,0,3,1,1,1,1,0,0.0,0,2,0,1,4,1,0,0,1,0,0,0,0.0,0.06521739130434782,0.08571428571428572,2
http://apple-id-verify.suspicious-site.ml,1,41,34,0,0,0,2,3,0,2,0,0,0,0,0,0,1,0,0,3,1,1,1,1,0,0.0,0,1,0,1,2,1,0,0,0,0,0,0,0.0,0.07317073170731707,0.08823529411764706,1
http://apple-support-virus-alert.com/fix,1,40,29,4,0,0,1,3,0,3,0,0,0,0,0,0,0,0,0,3,1,0,1,1,0,0.0,0,2,0,1,4,1,0,0,1,0,0,0,0.0,0.075,0.10344827586206896,2
http://apple-id-suspended.restore-account.tk/fix,1,48,37,4,0,0,2,3,0,3,0,0,0,0,0,0,1,0,0,3,1,1,1,1,0,0.0,0,2,0,1,4,1,0,0,1,0,0,0,0.0,0.0625,0.08108108108108109,2
http://icloud-account-locked.restore-now.ml/login,1,49,36,6,0,0,2,3,0,3,0,0,0,0,0,0,1,0,0,3,1,1,0,0,0,0.0,0,1,1,0,3,1,0,0,1,0,0,0,0.0,0.061224489795918366,0.08333333333333333,2
http://apple-payment-failed.update-billing.com/pay,1,50,39,4,0,0,2,3,0,3,0,0,0,0,0,0,1,0,0,3,1,0,1,1,0,0.0,0,1,0,1,2,1,0,0,1,0,0,0,0.0,0.06,0.07692307692307693,1
http://microsoft-support-alert.com/fix/virus,1,44,27,10,0,0,1,2,0,4,0,0,0,0,0,0,0,0,0,2,1,0,1,1,0,0.0,0,2,0,1,4,1,0,0,2,0,0,0,0.0,0.045454545454545456,0.07407407407407407,2
http://microsoft-antivirus-alert.scam-site.com,1,46,39,0,0,0,2,3,0,2,0,0,0,0,0,0,1,0,0,3,1,0,1,1,0,0.0,0,1,0,1,2,1,0,0,0,0,0,0,0.0,0.06521739130434782,0.07692307692307693,1
http://urgent-security-alert.fake-microsoft.com,1,47,40,0,0,0,2,3,0,2,0,0,0,0,0,0,1,0,0,3,1,0,1,1,0,0.0,0,2,0,1,4,1,0,0,0,0,0,0,0.0,0.06382978723404255,0.075,2
http://microsoft-account-suspended.restore.tk/login,1,51,38,6,0,0,2,2,0,3,0,0,0,0,0,0,1,0,0,2,1,1,1,1,0,0.0,0,2,1,1,5,1,0,0,1,0,0,0,0.0,0.0392156862745098,0.05263157894736842,3
http://office365-login-verify.phish-link.net/signin,1,51,37,7,0,0,2,3,0,3,0,0,0,0,3,0,1,0,0,3,1,0,0,0,0,0.0,0,1,1,0,3,1,0,0,1,0,0,0,0.058823529411764705,0.058823529411764705,0.08108108108108109,2
http://secure-banking-login@phish.xyz/verify,1,44,30,7,0,1,1,2,0,3,0,0,0,0,0,0,0,0,0,2,1,1,0,0,0,0.0,0,2,1,0,5,1,0,0,1,0,0,0,0.0,0.045454545454545456,0.06666666666666667,3
http://bankofamerica-secure.phishing-domain.com,1,47,40,0,0,0,2,2,0,2,0,0,0,0,0,0,1,0,0,2,1,0,1,1,0,0.0,0,1,0,0,2,1,0,0,0,0,0,0,0.0,0.0425531914893617,0.05,1
http://bank-secure-login.phish-site.ru/verify,1,45,31,7,0,0,2,3,0,3,0,0,0,0,0,0,1,0,0,3,1,1,0,0,0,0.0,0,1,1,0,3,1,0,0,1,0,0,0,0.0,0.06666666666666667,0.0967741935483871,2
http://your-visa-card-blocked.bank-phish.ru,1,43,36,0,0,0,2,4,0,2,0,0,0,0,0,0,1,0,0,4,1,1,0,0,0,0.0,0,0,0,0,0,0,0,0,0,0,0,0,0.0,0.09302325581395349,0.1111111111111111,0
http://chase-bank-alert.verify-login.net/signin,1,47,33,7,0,0,2,3,0,3,0,0,0,0,0,0,1,0,0,3,1,0,1,1,0,0.0,0,2,1,0,5,1,0,0,1,0,0,0,0.0,0.06382978723404255,0.09090909090909091,3
http://wellsfargo-secure.account-verify.com/login,1,49,36,6,0,0,2,2,0,3,0,0,0,0,0,0,1,0,0,2,1,0,1,1,0,0.0,0,2,1,0,5,1,0,0,1,0,0,0,0.0,0.04081632653061224,0.05555555555555555,3
http://citibank-account-locked.restore.xyz/fix,1,46,35,4,0,0,2,2,0,3,0,0,0,0,0,0,1,0,0,2,1,1,0,0,0,0.0,0,1,0,0,2,1,0,0,1,0,0,0,0.0,0.043478260869565216,0.05714285714285714,1
http://hsbc-secure-login.phish-domain.com/verify,1,48,34,7,0,0,2,3,0,3,0,0,0,0,0,0,1,0,0,3,1,0,0,0,0,0.0,0,1,1,0,3,1,0,0,1,0,0,0,0.0,0.0625,0.08823529411764706,2
https://secure-chase-bank.credential-steal.com/login,1,52,38,6,0,0,2,3,0,3,0,0,0,0,0,0,1,0,0,3,1,0,1,1,0,0.0,0,1,1,0,3,1,1,0,1,0,0,0,0.0,0.057692307692307696,0.07894736842105263,2
https://wellsfargo-online.phish-secure.net/verify,1,49,34,7,0,0,2,2,0,3,0,0,0,0,0,0,1,0,0,2,1,0,1,1,0,0.0,0,1,1,0,3,1,1,0,1,0,0,0,0.0,0.04081632653061224,0.058823529411764705,2
http://netflix-billing-update.com/account/payment,1,49,26,16,0,0,1,2,0,4,0,0,0,0,0,0,0,0,0,2,1,0,1,1,0,0.0,0,1,2,1,4,1,0,0,2,0,0,0,0.0,0.04081632653061224,0.07692307692307693,3
http://netflix-account-suspended.restore.tk/login,1,49,36,6,0,0,2,2,0,3,0,0,0,0,0,0,1,0,0,2,1,1,1,1,0,0.0,0,2,1,1,5,1,0,0,1,0,0,0,0.0,0.04081632653061224,0.05555555555555555,3
http://netflix-free-month.click-claim.com/get,1,45,34,4,0,0,2,3,0,3,0,0,0,0,0,0,1,0,0,3,1,0,1,1,0,0.0,0,1,0,1,2,1,0,0,1,0,0,0,0.0,0.06666666666666667,0.08823529411764706,1
http://ebay-suspended-account.login-verify.net,1,46,39,0,0,0,2,3,0,2,0,0,0,0,0,0,1,0,0,3,1,0,1,1,0,0.0,0,2,0,1,4,1,0,0,0,0,0,0,0.0,0.06521739130434782,0.07692307692307693,2
http://ebay-free-gift.winner-claim.xyz/collect,1,46,31,8,0,0,2,3,0,3,0,0,0,0,0,0,1,0,0,3,1,1,1,1,0,0.0,0,2,0,1,4,1,0,0,1,0,0,0,0.0,0.06521739130434782,0.0967741935483871,2
http://twitter-login.verify-account-secure.com,1,46,39,0,0,0,2,3,0,2,0,0,0,0,0,0,1,0,0,3,1,0,1,1,0,0.0,0,2,0,0,4,1,0,0,0,0,0,0,0.0,0.06521739130434782,0.07692307692307693,2
http://twitter-account-suspended.restore.tk/fix,1,47,36,4,0,0,2,2,0,3,0,0,0,0,0,0,1,0,0,2,1,1,1,1,0,0.0,0,2,0,0,4,1,0,0,1,0,0,0,0.0,0.0425531914893617,0.05555555555555555,2
http://instagram-account-locked.verify-now.com/login,1,52,39,6,0,0,2,3,0,3,0,0,0,0,0,0,1,0,0,3,1,0,1,1,0,0.0,0,1,1,1,3,1,0,0,1,0,0,0,0.0,0.057692307692307696,0.07692307692307693,2
http://dropbox-file-shared.malicious-link.org/open,1,50,38,5,0,0,2,3,0,3,0,0,0,0,0,0,1,0,0,3,1,0,1,1,0,0.0,0,0,0,1,0,0,0,0,1,0,0,0,0.0,0.06,0.07894736842105263,0
http://dropbox-important-file.phish-domain.com/view,1,51,39,5,0,0,2,3,0,3,0,0,0,0,0,0,1,0,0,3,1,0,1,1,0,0.0,0,0,0,1,0,0,0,0,1,0,0,0,0.0,0.058823529411764705,0.07692307692307693,0
http://shared-file-dropbox.malware-link.com/open,1,48,36,5,0,0,2,3,0,3,0,0,0,0,0,0,1,0,0,3,1,0,1,1,0,0.0,0,0,0,1,0,0,0,0,1,0,0,0,0.0,0.0625,0.08333333333333333,0
http://secure-update.com/account/login/verify/identity/confirm?token=a1b2c3&redirect=paypal.com,1,95,17,38,1,0,2,1,0,7,1,2,1,0,3,0,0,0,0,1,1,0,0,0,0,0.0,0,2,4,0,8,1,0,0,5,0,1,1,0.031578947368421054,0.010526315789473684,0.058823529411764705,6
http://login-verification.com/user/account/secure/signin/confirm?session=xyz&ref=amazon,1,87,22,35,1,0,1,1,0,7,1,2,1,0,0,0,0,0,0,1,1,0,0,0,0,0.0,0,0,4,0,4,1,0,0,5,0,0,1,0.0,0.011494252873563218,0.045454545454545456,4
http://account-restore.net/verify/identity/step1/step2/confirm?id=99&src=google.com,1,83,19,36,1,0,2,1,0,7,1,2,1,0,4,0,0,0,0,1,1,0,0,0,0,0.0,0,1,2,0,4,1,0,0,5,0,0,0,0.04819277108433735,0.012048192771084338,0.05263157894736842,3
https://phish-secure.com/paypal/login/verify?email=victim@mail.com&token=abc123secure,1,85,16,20,1,1,2,1,0,5,1,2,1,0,3,0,0,0,0,1,1,0,0,0,0,0.0,0,1,3,0,5,1,1,0,3,0,0,1,0.03529411764705882,0.011764705882352941,0.0625,4
https://data-collect.net/amazon/signin?redirect=amazon.com&session=steal123,1,75,16,14,0,0,2,1,0,4,1,2,1,0,3,0,0,0,0,1,1,0,0,0,0,0.0,0,0,1,0,1,1,1,0,2,0,1,1,0.04,0.013333333333333334,0.0625,1
http://win-free-iphone.click-here-now.com,1,41,34,0,0,0,2,4,0,2,0,0,0,0,0,0,1,0,0,4,1,0,0,0,0,0.0,0,0,0,0,0,0,0,0,0,0,0,0,0.0,0.0975609756097561,0.11764705882352941,0
http://verify-your-account-immediately.com/secure,1,49,35,7,0,0,1,3,0,3,0,0,0,0,0,0,0,0,0,3,1,0,0,0,0,0.0,0,1,1,0,3,1,0,0,1,0,0,0,0.0,0.061224489795918366,0.08571428571428572,2
http://free-gift-amazon-winner.com/claim/now,1,44,27,10,0,0,1,3,0,4,0,0,0,0,0,0,0,0,0,3,1,0,1,1,0,0.0,0,1,0,1,2,1,0,0,2,0,0,0,0.0,0.06818181818181818,0.1111111111111111,1
http://your-account-has-been-compromised.info,1,45,38,0,0,0,1,4,0,2,0,0,0,0,0,0,0,0,0,4,1,1,0,0,0,0.0,0,0,0,0,0,0,0,0,0,0,0,0,0.0,0.08888888888888889,0.10526315789473684,0
http://free-robux-generator.click-hack.com,1,42,35,0,0,0,2,3,0,2,0,0,0,0,0,0,1,0,0,3,1,0,0,0,0,0.0,0,0,0,0,0,0,0,0,0,0,0,0,0.0,0.07142857142857142,0.08571428571428572,0
http://click-here-to-unlock-account.phish.ml,1,44,37,0,0,0,2,4,0,2,0,0,0,0,0,0,1,0,0,4,1,1,0,0,0,0.0,0,1,0,0,2,1,0,0,0,0,0,0,0.0,0.09090909090909091,0.10810810810810811,1
http://account-suspended-restore.click-now.com/fix,1,50,39,4,0,0,2,3,0,3,0,0,0,0,0,0,1,0,0,3,1,0,0,0,0,0.0,0,2,0,0,4,1,0,0,1,0,0,0,0.0,0.06,0.07692307692307693,2
http://free-prize-winner-claim.click-get.com/now,1,48,37,4,0,0,2,4,0,3,0,0,0,0,0,0,1,0,0,4,1,0,0,0,0,0.0,0,2,0,0,4,1,0,0,1,0,0,0,0.0,0.08333333333333333,0.10810810810810811,2
http://win-big-prize.claim-reward.click/get-now,1,47,32,8,0,0,2,4,0,3,0,0,0,0,0,0,1,0,0,3,1,1,0,0,0,0.0,0,1,0,0,2,1,0,0,1,0,0,0,0.0,0.0851063829787234,0.09375,1
http://virus-detected-fix-now.microsoft-alert.com,1,49,42,0,0,0,2,4,0,2,0,0,0,0,0,0,1,0,0,4,1,0,1,1,0,0.0,0,1,0,1,2,1,0,0,0,0,0,0,0.0,0.08163265306122448,0.09523809523809523,1
http://your-computer-infected.click-clean.net/fix,1,49,38,4,0,0,2,3,0,3,0,0,0,0,0,0,1,0,0,3,1,0,0,0,0,0.0,0,0,0,0,0,0,0,0,1,0,0,0,0.0,0.061224489795918366,0.07894736842105263,0
https://free-netflix-subscription.win-now.com/claim,1,51,37,6,0,0,2,3,0,3,0,0,0,0,0,0,1,0,0,3,1,0,1,1,0,0.0,0,0,0,1,0,0,1,0,1,0,0,0,0.0,0.058823529411764705,0.08108108108108109,0
https://congratulations-winner.prize-collect.net/get,1,52,40,4,0,0,2,2,0,3,0,0,0,0,0,0,1,0,0,2,1,0,0,0,0,0.0,0,1,0,0,2,1,1,0,1,0,0,0,0.0,0.038461538461538464,0.05,1
